jj9ja9zl,/nfs-share/pa511/llm_memorisation/outputs/2025-01-08/17-35-44
fgkmdxjd,/nfs-share/pa511/llm_memorisation/outputs/2025-01-08/17-38-42
kysd4hbr,/nfs-share/pa511/llm_memorisation/outputs/2025-01-08/17-46-07
v0ez69nq,/nfs-share/pa511/llm_memorisation/outputs/2025-01-08/17-54-47
ohzk50i2,/nfs-share/pa511/llm_memorisation/new_work/outputs/2025-01-09/10-11-51
hrselegh,/nfs-share/pa511/llm_memorisation/new_work/outputs/2025-01-09/10-14-15
lgyk0kk7,/nfs-share/pa511/llm_memorisation/new_work/outputs/2025-01-09/10-37-03
lw5ylxn1,/nfs-share/pa511/llm_memorisation/new_work/outputs/2025-01-09/10-43-51
tez4cfpg,/nfs-share/pa511/llm_memorisation/new_work/outputs/2025-01-09/10-44-14
hcvlkaek,/nfs-share/pa511/llm_memorisation/new_work/outputs/2025-01-09/11-10-57
2af6dme6,/nfs-share/pa511/llm_memorisation/new_work/outputs/2025-01-09/11-15-19
6zw7q5y1,/nfs-share/pa511/llm_memorisation/new_work/outputs/2025-01-09/11-49-24
lvie5u7w,/nfs-share/pa511/llm_memorisation/new_work/outputs/2025-01-09/11-51-15
zvkbuzjv,/nfs-share/pa511/llm_memorisation/new_work/outputs/2025-01-09/12-04-44
dc8kbhkt,/nfs-share/pa511/llm_memorisation/new_work/outputs/2025-01-09/12-10-57
zvkbuzjv,/nfs-share/pa511/llm_memorisation/new_work/outputs/2025-01-09/12-50-59
zvkbuzjv,/nfs-share/pa511/llm_memorisation/new_work/outputs/2025-01-09/12-53-06
zvkbuzjv,/nfs-share/pa511/llm_memorisation/new_work/outputs/2025-01-09/12-55-56
qclu5hid,/nfs-share/pa511/llm_memorisation/new_work/outputs/2025-01-09/14-44-34
b8ez29k6,/nfs-share/pa511/llm_memorisation/outputs/2025-01-15/10-42-47
t8wg858g,/nfs-share/pa511/llm_memorisation/outputs/2025-01-15/10-49-19
wohxqtk3,/nfs-share/pa511/llm_memorisation/outputs/2025-01-15/10-50-49
ppy5oekm,/nfs-share/pa511/llm_memorisation/outputs/2025-01-15/10-53-11
z6i115d6,/nfs-share/pa511/llm_memorisation/outputs/2025-01-15/10-59-57
f6ix4wsk,/nfs-share/pa511/llm_memorisation/outputs/2025-01-15/11-58-07
gn4u6tbn,/nfs-share/pa511/llm_memorisation/outputs/2025-01-15/12-03-34
vs0suogx,/nfs-share/pa511/llm_memorisation/outputs/2025-01-15/12-06-25
8l5ev5o4,/nfs-share/pa511/llm_memorisation/outputs/2025-01-16/11-12-31
c2afmlht,/nfs-share/pa511/llm_memorisation/outputs/2025-01-16/12-05-53
